code,field,link
1501,Accounting_Auditing_Accountability ,https://www.dropbox.com/scl/fo/ujlvwjenrugdnzusxb04p/AG3nB4_IEAjDr4XiKqmf6sg/data/topology_results/barcodes/Accounting%20Auditing%20and%20Accountability.pkl?rlkey=woyb4gojtiqhvazd6lablbj4g&e=1&st=d2ixtl1x&dl=1
901,Aerospace_Engineering,https://www.dropbox.com/scl/fo/ujlvwjenrugdnzusxb04p/AJnvF3OieDbfhbcvvbdhPxg/data/topology_results/barcodes/Aerospace%20Engineering.pkl?rlkey=woyb4gojtiqhvazd6lablbj4g&e=1&st=8hfo544n&dl=1
1001,Agricultural_Biotechnology ,https://www.dropbox.com/scl/fo/ujlvwjenrugdnzusxb04p/AD20_7Oi4-VcehvvIU0Tp14/data/topology_results/barcodes/Agricultural%20Biotechnology.pkl?rlkey=woyb4gojtiqhvazd6lablbj4g&e=1&st=12a787fl&dl=1
701,Agriculture_Land_Farm_Management ,https://www.dropbox.com/scl/fo/ujlvwjenrugdnzusxb04p/AC_dWKjChrYP225tSCqgTWM/data/topology_results/barcodes/Agriculture%20Land%20and%20Farm%20Management.pkl?rlkey=woyb4gojtiqhvazd6lablbj4g&e=1&st=8ttwj51f&dl=1
301,Analytical_Chemistry ,https://www.dropbox.com/scl/fo/ujlvwjenrugdnzusxb04p/AOeOzAGjyl5HQXHFvPPyL-s/data/topology_results/barcodes/Analytical%20Chemistry.pkl?rlkey=woyb4gojtiqhvazd6lablbj4g&e=1&st=yklguq46&dl=1
702,Animal_Production ,https://www.dropbox.com/scl/fo/ujlvwjenrugdnzusxb04p/AJsaC7051kPHmp6nRT2t_I4/data/topology_results/barcodes/Animal%20Production.pkl?rlkey=woyb4gojtiqhvazd6lablbj4g&e=1&st=4phbp6ty&dl=1
1601,Anthropology ,https://www.dropbox.com/scl/fo/ujlvwjenrugdnzusxb04p/AK2ZL9jb_D9Oj-D3oejLt3k/data/topology_results/barcodes/Anthropology.pkl?rlkey=woyb4gojtiqhvazd6lablbj4g&e=1&st=parjqksq&dl=1
1402,Applied_Economics ,https://www.dropbox.com/scl/fo/ujlvwjenrugdnzusxb04p/AGLf8gC2HOTFZ5qtxEdyieI/data/topology_results/barcodes/Applied%20Economics.pkl?rlkey=woyb4gojtiqhvazd6lablbj4g&e=1&st=9u55qzzv&dl=1
2201,Applied_Ethics ,https://www.dropbox.com/scl/fo/ujlvwjenrugdnzusxb04p/AH5X4xfPFuCqGs0bkz5eI2Y/data/topology_results/barcodes/Applied%20Ethics.pkl?rlkey=woyb4gojtiqhvazd6lablbj4g&e=1&st=9d0oytvh&dl=1
102,Applied_Mathematics ,https://www.dropbox.com/scl/fo/ujlvwjenrugdnzusxb04p/ALv53sW2rQ6WklIKQeWlWOw/data/topology_results/barcodes/Applied%20Mathematics.pkl?rlkey=woyb4gojtiqhvazd6lablbj4g&e=1&st=yu6hhev7&dl=1
2101,Archaeology ,https://www.dropbox.com/scl/fo/ujlvwjenrugdnzusxb04p/AE_L1O_kbaXPdL7yrgGjNrY/data/topology_results/barcodes/Archaeology.pkl?rlkey=woyb4gojtiqhvazd6lablbj4g&e=1&st=wmeqtfpg&dl=1
1201,Architecture ,https://www.dropbox.com/scl/fo/ujlvwjenrugdnzusxb04p/AGmvLoJkzkFz3RLEzkbTapg/data/topology_results/barcodes/Architecture.pkl?rlkey=woyb4gojtiqhvazd6lablbj4g&e=1&st=iqlcqt1y&dl=1
1901,Art_Theory_Criticism ,https://www.dropbox.com/scl/fo/ujlvwjenrugdnzusxb04p/AEUwsj_kmk0wqP7_3GK_cWc/data/topology_results/barcodes/Art%20Theory%20and%20Criticism.pkl?rlkey=woyb4gojtiqhvazd6lablbj4g&e=1&st=mqdt6qsg&dl=1
801,AI_Image_Processing ,https://www.dropbox.com/scl/fo/ujlvwjenrugdnzusxb04p/AL3Jx8Gpzk5SRfkRM5_Kh28/data/topology_results/barcodes/Artificial%20Intelligence%20and%20Image%20Processing.pkl?rlkey=woyb4gojtiqhvazd6lablbj4g&e=1&st=hrp0mj08&dl=1
201,Astronomical_Space_Sciences ,https://www.dropbox.com/scl/fo/ujlvwjenrugdnzusxb04p/AAjHgHvDtzi1LuoNDRFyMS4/data/topology_results/barcodes/Astronomical%20and%20Space%20Sciences.pkl?rlkey=woyb4gojtiqhvazd6lablbj4g&e=1&st=5l0kocws&dl=1
401,Atmospheric_Sciences ,https://www.dropbox.com/scl/fo/ujlvwjenrugdnzusxb04p/ACSBSgSGgRopSGbIaF6l1-k/data/topology_results/barcodes/Atmospheric%20Sciences.pkl?rlkey=woyb4gojtiqhvazd6lablbj4g&e=1&st=qnh1kpir&dl=1
202,Atomic_Molecular_Nuclear_Particle_Plasma_Physics ,https://www.dropbox.com/scl/fo/ujlvwjenrugdnzusxb04p/APjC4oF7xXCr6ArwhOi21dM/data/topology_results/barcodes/Atomic%20Molecular%20Nuclear%20Particle%20and%20Plasma%20Physics.pkl?rlkey=woyb4gojtiqhvazd6lablbj4g&e=1&st=77cnvqcf&dl=1
902,Automotive_Engineering ,https://www.dropbox.com/scl/fo/ujlvwjenrugdnzusxb04p/APCa6NjIVs6a_Q_x5Z3xAPo/data/topology_results/barcodes/Automotive%20Engineering.pkl?rlkey=woyb4gojtiqhvazd6lablbj4g&e=1&st=b9tu9t1i&dl=1
1502,Banking_Finance_Investing ,https://www.dropbox.com/scl/fo/ujlvwjenrugdnzusxb04p/AAzAf3Of1w8s9DDLG7dQHzs/data/topology_results/barcodes/Banking%20Finance%20and%20Investment.pkl?rlkey=woyb4gojtiqhvazd6lablbj4g&e=1&st=laqh3kfq&dl=1
601,Biochemistry_Cell_Biology ,https://www.dropbox.com/scl/fo/ujlvwjenrugdnzusxb04p/AMTxWMbSbj46qYuNy8BcEwM/data/topology_results/barcodes/Biochemistry%20and%20Cell%20Biology.pkl?rlkey=woyb4gojtiqhvazd6lablbj4g&e=1&st=l1iwi0ie&dl=1
903,Biomedical_Engineering ,https://www.dropbox.com/scl/fo/ujlvwjenrugdnzusxb04p/AI3NdjzsT_HD0ZbRYl5l1lk/data/topology_results/barcodes/Biomedical%20Engineering.pkl?rlkey=woyb4gojtiqhvazd6lablbj4g&e=1&st=ymzqljlf&dl=1
1202,Building ,https://www.dropbox.com/scl/fo/ujlvwjenrugdnzusxb04p/AGD48A1GM8jEhqT1gwHI4-A/data/topology_results/barcodes/Building.pkl?rlkey=woyb4gojtiqhvazd6lablbj4g&e=1&st=el9vjmuv&dl=1
1503,Business_Management ,https://www.dropbox.com/scl/fo/ujlvwjenrugdnzusxb04p/AIWMzPSvoN5w82poTWLIuDw/data/topology_results/barcodes/Business%20and%20Management.pkl?rlkey=woyb4gojtiqhvazd6lablbj4g&e=1&st=1ukkijsx&dl=1
1102,Cardiorespiratory_Medicine_Haematology ,https://www.dropbox.com/scl/fo/ujlvwjenrugdnzusxb04p/APq7F-Yy1K3imoFF-o0E_lw/data/topology_results/barcodes/Cardiorespiratory%20Medicine%20and%20Haematology.pkl?rlkey=woyb4gojtiqhvazd6lablbj4g&e=1&st=ykr555dw&dl=1
904,Chemical_Engineering ,https://www.dropbox.com/scl/fo/ujlvwjenrugdnzusxb04p/AAJ5ceerYfcHNtlLaMQElUI/data/topology_results/barcodes/Chemical%20Engineering.pkl?rlkey=woyb4gojtiqhvazd6lablbj4g&e=1&st=gh9ea1kn&dl=1
905,Civil_Engineering ,https://www.dropbox.com/scl/fo/ujlvwjenrugdnzusxb04p/AIgz4WAUBb1pLgq7grWtg1I/data/topology_results/barcodes/Civil%20Engineering.pkl?rlkey=woyb4gojtiqhvazd6lablbj4g&e=1&st=l3tpnv9p&dl=1
203,Classical_Physics ,https://www.dropbox.com/scl/fo/ujlvwjenrugdnzusxb04p/AHbE2He3Natp5jSdVnoQIVs/data/topology_results/barcodes/Classical%20Physics.pkl?rlkey=woyb4gojtiqhvazd6lablbj4g&e=1&st=ozgq4b65&dl=1
1103,Clinical_Sciences ,https://www.dropbox.com/scl/fo/ujlvwjenrugdnzusxb04p/AANpv0zyIU9It1TIoe97aUU/data/topology_results/barcodes/Clinical%20Sciences.pkl?rlkey=woyb4gojtiqhvazd6lablbj4g&e=1&st=0cj3lg96&dl=1
1702,Cognitive_Sciences ,https://www.dropbox.com/scl/fo/ujlvwjenrugdnzusxb04p/AKYlILnWqsAHSsCBP2OvDVA/data/topology_results/barcodes/Cognitive%20Sciences.pkl?rlkey=woyb4gojtiqhvazd6lablbj4g&e=1&st=ld1cwxjv&dl=1
1504,Commercial_Servies ,https://www.dropbox.com/scl/fo/ujlvwjenrugdnzusxb04p/ADIn0OFnyHqQhio6xsCq680/data/topology_results/barcodes/Commercial%20Services.pkl?rlkey=woyb4gojtiqhvazd6lablbj4g&e=1&st=twgadgp3&dl=1
2001,Communication_Media_Studies ,https://www.dropbox.com/scl/fo/ujlvwjenrugdnzusxb04p/AAViaVfi0H3amdCcHa6jP_s/data/topology_results/barcodes/Communication%20and%20Media%20Studies.pkl?rlkey=woyb4gojtiqhvazd6lablbj4g&e=1&st=tugsi83m&dl=1
1005,Communication_Technologies ,https://www.dropbox.com/scl/fo/ujlvwjenrugdnzusxb04p/AEY0s4yPtFFhAPNHuSCTC8s/data/topology_results/barcodes/Communications%20Technologies.pkl?rlkey=woyb4gojtiqhvazd6lablbj4g&e=1&st=viwa8x9z&dl=1
1104,Complementary_Alternative_Medicine ,https://www.dropbox.com/scl/fo/ujlvwjenrugdnzusxb04p/AGXfW4RH9wxENUrbLHRgwLM/data/topology_results/barcodes/Complementary%20and%20Alternative%20Medicine.pkl?rlkey=woyb4gojtiqhvazd6lablbj4g&e=1&st=jc79lgok&dl=1
802,Computation_Theory_Mathematics ,https://www.dropbox.com/scl/fo/ujlvwjenrugdnzusxb04p/ANsN9Msoqq4rGz7aPUD_zKQ/data/topology_results/barcodes/Computation%20Theory%20and%20Mathematics.pkl?rlkey=woyb4gojtiqhvazd6lablbj4g&e=1&st=3eoygi84&dl=1
1006,Computer_Hardware ,https://www.dropbox.com/scl/fo/ujlvwjenrugdnzusxb04p/ADVt9nxWMgCW4g4b8TgLCDI/data/topology_results/barcodes/Computer%20Hardware.pkl?rlkey=woyb4gojtiqhvazd6lablbj4g&e=1&st=m7eshzce&dl=1
803,Computer_Software  ,https://www.dropbox.com/scl/fo/ujlvwjenrugdnzusxb04p/ANS38YEO5gbgO8J3cF58kig/data/topology_results/barcodes/Computer%20Software.pkl?rlkey=woyb4gojtiqhvazd6lablbj4g&e=1&st=ohvcatzs&dl=1
204,Condensed_Matter_Physics ,https://www.dropbox.com/scl/fo/ujlvwjenrugdnzusxb04p/AAy1KYls57nPHDDeY0ieAe0/data/topology_results/barcodes/Condensed%20Matter%20Physics.pkl?rlkey=woyb4gojtiqhvazd6lablbj4g&e=1&st=rwy4mwz5&dl=1
1602,Criminology ,https://www.dropbox.com/scl/fo/ujlvwjenrugdnzusxb04p/ABPjBfUo-Tr0kbhaazzQ1Pg/data/topology_results/barcodes/Criminology.pkl?rlkey=woyb4gojtiqhvazd6lablbj4g&e=1&st=wzv8q07i&dl=1
703,Crop_Pasture_Production ,https://www.dropbox.com/scl/fo/ujlvwjenrugdnzusxb04p/AFWJx8QFBeBk5tiXsHfYegk/data/topology_results/barcodes/Crop%20and%20Pasture%20Production.pkl?rlkey=woyb4gojtiqhvazd6lablbj4g&e=1&st=4mede822&dl=1
2002,Cultural_Studies ,https://www.dropbox.com/scl/fo/ujlvwjenrugdnzusxb04p/AFmttImqm39VcHai4nketv8/data/topology_results/barcodes/Cultural%20Studies.pkl?rlkey=woyb4gojtiqhvazd6lablbj4g&e=1&st=p0uf3qm0&dl=1
2102,Curatorial_Related_Studies ,https://www.dropbox.com/scl/fo/ujlvwjenrugdnzusxb04p/AHkQWhM-m9pKSo_L-4OQG3I/data/topology_results/barcodes/Curatorial%20and%20Related%20Studies.pkl?rlkey=woyb4gojtiqhvazd6lablbj4g&e=1&st=t259eknu&dl=1
1302,Curriculum_Pedagogy ,https://www.dropbox.com/scl/fo/ujlvwjenrugdnzusxb04p/AHlMaX-fSNqPsHXli89PuC4/data/topology_results/barcodes/Curriculum%20and%20Pedagogy.pkl?rlkey=woyb4gojtiqhvazd6lablbj4g&e=1&st=318l1cjx&dl=1
804,Data_Format ,https://www.dropbox.com/scl/fo/ujlvwjenrugdnzusxb04p/AAUCBICMVs5EcCN5S-5RNZs/data/topology_results/barcodes/Data%20Format.pkl?rlkey=woyb4gojtiqhvazd6lablbj4g&e=1&st=gz181bvg&dl=1
1603,Demography ,https://www.dropbox.com/scl/fo/ujlvwjenrugdnzusxb04p/ANL72gtVIWADcWcAk0qZTd4/data/topology_results/barcodes/Demography.pkl?rlkey=woyb4gojtiqhvazd6lablbj4g&e=1&st=i20426tk&dl=1
1105,Dentistry ,https://www.dropbox.com/scl/fo/ujlvwjenrugdnzusxb04p/AChSlzdaoQXMid_z7n8otOw/data/topology_results/barcodes/Dentistry.pkl?rlkey=woyb4gojtiqhvazd6lablbj4g&e=1&st=dk3i56c7&dl=1
1203,Design_Practice_Management ,https://www.dropbox.com/scl/fo/ujlvwjenrugdnzusxb04p/AMwJBCTfLBahiYl9UQgAdaQ/data/topology_results/barcodes/Design%20Practice%20and%20Management.pkl?rlkey=woyb4gojtiqhvazd6lablbj4g&e=1&st=zv7pupvt&dl=1
805,Distributed_Computing ,https://www.dropbox.com/scl/fo/ujlvwjenrugdnzusxb04p/AOK7fQz8xhGRTCXG59uWSyc/data/topology_results/barcodes/Distributed%20Computing.pkl?rlkey=woyb4gojtiqhvazd6lablbj4g&e=1&st=qkb5kb0h&dl=1
501,Ecological_Applications ,https://www.dropbox.com/scl/fo/ujlvwjenrugdnzusxb04p/AHc0NAl8051gdM4AZI-1idQ/data/topology_results/barcodes/Ecological%20Applications.pkl?rlkey=woyb4gojtiqhvazd6lablbj4g&e=1&st=39xja59v&dl=1
1403,Econometrics ,https://www.dropbox.com/scl/fo/ujlvwjenrugdnzusxb04p/ABz8t7hF9L8m8TYwrov_6tU/data/topology_results/barcodes/Econometrics.pkl?rlkey=woyb4gojtiqhvazd6lablbj4g&e=1&st=g0z7yrdw&dl=1
1401,Economic_Theory ,https://www.dropbox.com/scl/fo/ujlvwjenrugdnzusxb04p/AAN_2njYh_-q0QEcvD1CBI8/data/topology_results/barcodes/Economic%20Theory.pkl?rlkey=woyb4gojtiqhvazd6lablbj4g&e=1&st=800uqpqv&dl=1
1301,Education_Systems ,https://www.dropbox.com/scl/fo/ujlvwjenrugdnzusxb04p/AEVoj8pEDKnTGyI6wVzSGoM/data/topology_results/barcodes/Education%20Systems.pkl?rlkey=woyb4gojtiqhvazd6lablbj4g&e=1&st=5je285ni&dl=1
906,Electrical_Electronic_Engineering ,https://www.dropbox.com/scl/fo/ujlvwjenrugdnzusxb04p/AKY1S9grECFYAfH7T069pAY/data/topology_results/barcodes/Electrical%20and%20Electronic%20Engineering.pkl?rlkey=woyb4gojtiqhvazd6lablbj4g&e=1&st=hmnsfedr&dl=1
1002,Environmental_Biotechnology ,https://www.dropbox.com/scl/fo/ujlvwjenrugdnzusxb04p/AOr4bmmJIc4_MQvqXm-u1jk/data/topology_results/barcodes/Environmental%20Biotechnology.pkl?rlkey=woyb4gojtiqhvazd6lablbj4g&e=1&st=j9xobbgw&dl=1
907,Environmental_Engineering ,https://www.dropbox.com/scl/fo/ujlvwjenrugdnzusxb04p/APo4_J7FbvXamjELtqFK-2c/data/topology_results/barcodes/Environmental%20Engineering.pkl?rlkey=woyb4gojtiqhvazd6lablbj4g&e=1&st=3y3mevaq&dl=1
603,Evolutionary_Biology ,https://www.dropbox.com/scl/fo/ujlvwjenrugdnzusxb04p/AO2rhob3DRofPpKvHclRJm8/data/topology_results/barcodes/Evolutionary%20Biology.pkl?rlkey=woyb4gojtiqhvazd6lablbj4g&e=1&st=1p274ihb&dl=1
1902,Film_Television_Digital_Media ,https://www.dropbox.com/scl/fo/ujlvwjenrugdnzusxb04p/AAfqrMiy4hxASEGq7oDpslo/data/topology_results/barcodes/Film%20Television%20and%20Digital%20Media.pkl?rlkey=woyb4gojtiqhvazd6lablbj4g&e=1&st=87v8arn7&dl=1
704,Fisheries_Sciences ,https://www.dropbox.com/scl/fo/ujlvwjenrugdnzusxb04p/AOQRDXZdhXYSk1JRUDhQ1Ms/data/topology_results/barcodes/Fisheries%20Sciences.pkl?rlkey=woyb4gojtiqhvazd6lablbj4g&e=1&st=lx4uhe96&dl=1
908,Food_Sciences ,https://www.dropbox.com/scl/fo/ujlvwjenrugdnzusxb04p/AEwiC7rGfYk0lY6uialvBVs/data/topology_results/barcodes/Food%20Sciences.pkl?rlkey=woyb4gojtiqhvazd6lablbj4g&e=1&st=owblx1gp&dl=1
705,Forestry_Sciences ,https://www.dropbox.com/scl/fo/ujlvwjenrugdnzusxb04p/AJSOle7dr8BkZkuC7QJ0M_c/data/topology_results/barcodes/Forestry%20Sciences.pkl?rlkey=woyb4gojtiqhvazd6lablbj4g&e=1&st=jk6lm31e&dl=1
604,Genetrics,https://www.dropbox.com/scl/fo/ujlvwjenrugdnzusxb04p/ABYZis8vZWZAKt0LvWt1TFQ/data/topology_results/barcodes/Genetics.pkl?rlkey=woyb4gojtiqhvazd6lablbj4g&e=1&st=fbsfxfxx&dl=1
909,Geomatic_Engineering ,https://www.dropbox.com/scl/fo/ujlvwjenrugdnzusxb04p/AO3HTZYkZdrHMelaOcjv5K8/data/topology_results/barcodes/Geomatic%20Engineering.pkl?rlkey=woyb4gojtiqhvazd6lablbj4g&e=1&st=b5ggb2lm&dl=1
404,Geophysics ,https://www.dropbox.com/scl/fo/ujlvwjenrugdnzusxb04p/ADDMlgcJG6JaCItzdW_O6ko/data/topology_results/barcodes/Geophysics.pkl?rlkey=woyb4gojtiqhvazd6lablbj4g&e=1&st=wae7fyfz&dl=1
2103,Historical_Studies ,https://www.dropbox.com/scl/fo/ujlvwjenrugdnzusxb04p/AN14tJFreHOe52RXtMq2Yz0/data/topology_results/barcodes/Historical%20Studies.pkl?rlkey=woyb4gojtiqhvazd6lablbj4g&e=1&st=i6ma5wct&dl=1
2202,History_Philosophy_of_Specific_Fields ,https://www.dropbox.com/scl/fo/ujlvwjenrugdnzusxb04p/AOo-NOrweRPCrbTPZ4QcnJY/data/topology_results/barcodes/History%20and%20Philosophy%20of%20Specific%20Fields.pkl?rlkey=woyb4gojtiqhvazd6lablbj4g&e=1&st=2poe573g&dl=1
706,Horticultural_Production ,https://www.dropbox.com/scl/fo/ujlvwjenrugdnzusxb04p/ACjpvJ-GJZtjA8xSz7QiPKM/data/topology_results/barcodes/Horticultural%20Production.pkl?rlkey=woyb4gojtiqhvazd6lablbj4g&e=1&st=b1z2qzk7&dl=1
1604,Human_Geography ,https://www.dropbox.com/scl/fo/ujlvwjenrugdnzusxb04p/AB2BJlN61Iocij2BwS5jtyM/data/topology_results/barcodes/Human%20Geography.pkl?rlkey=woyb4gojtiqhvazd6lablbj4g&e=1&st=qjhczzhb&dl=1
1106,Human_Movement_Sports_Science ,https://www.dropbox.com/scl/fo/ujlvwjenrugdnzusxb04p/AG6DhvmcGUmHuoAoLzMMLjQ/data/topology_results/barcodes/Human%20Movement%20and%20Sports%20Science.pkl?rlkey=woyb4gojtiqhvazd6lablbj4g&e=1&st=kp0f3twc&dl=1
1107,Immunology ,https://www.dropbox.com/scl/fo/ujlvwjenrugdnzusxb04p/ALMlVJczmZJDGgLaOp7Pc3M/data/topology_results/barcodes/Immunology.pkl?rlkey=woyb4gojtiqhvazd6lablbj4g&e=1&st=nw7iuh6h&dl=1
1003,Industrial_Biotechnology ,https://www.dropbox.com/scl/fo/ujlvwjenrugdnzusxb04p/AO2_4MvmdZCl2zNjpeYpsZU/data/topology_results/barcodes/Industrial%20Biotechnology.pkl?rlkey=woyb4gojtiqhvazd6lablbj4g&e=1&st=dpoiefqc&dl=1
806,Information_Systems ,https://www.dropbox.com/scl/fo/ujlvwjenrugdnzusxb04p/AFhjZ5CN-T1VgSzQU0Ssky8/data/topology_results/barcodes/Information%20Systems.pkl?rlkey=woyb4gojtiqhvazd6lablbj4g&e=1&st=lyehl6x7&dl=1
302,Inorganic_Chemistry ,https://www.dropbox.com/scl/fo/ujlvwjenrugdnzusxb04p/AIoCVU6Ob3mVN8pgb33ACyA/data/topology_results/barcodes/Inorganic%20Chemistry.pkl?rlkey=woyb4gojtiqhvazd6lablbj4g&e=1&st=u8nq68rn&dl=1
915,Interdisciplinary_Engineering ,https://www.dropbox.com/scl/fo/ujlvwjenrugdnzusxb04p/AGiCJS9JSd3xoXXxm5JTiCo/data/topology_results/barcodes/Interdisciplinary%20Engineering.pkl?rlkey=woyb4gojtiqhvazd6lablbj4g&e=1&st=e5vj00ur&dl=1
1903,Journalism_Professional_Writing ,https://www.dropbox.com/scl/fo/ujlvwjenrugdnzusxb04p/ANC4qH_2hzBWIKIS3KLpTiY/data/topology_results/barcodes/Journalism%20and%20Professional%20Writing.pkl?rlkey=woyb4gojtiqhvazd6lablbj4g&e=1&st=theuo7dd&dl=1
2003,Language_Studies ,https://www.dropbox.com/scl/fo/ujlvwjenrugdnzusxb04p/AJqzXqU-_M8TvEeCb4RK3ao/data/topology_results/barcodes/Language%20Studies.pkl?rlkey=woyb4gojtiqhvazd6lablbj4g&e=1&st=jvrzoab2&dl=1
1801,Law ,https://www.dropbox.com/scl/fo/ujlvwjenrugdnzusxb04p/AJPQInF7Z8t7XRmy4qWQ96o/data/topology_results/barcodes/Law.pkl?rlkey=woyb4gojtiqhvazd6lablbj4g&e=1&st=oqfiiorg&dl=1
807,Library_Information_Sciences ,https://www.dropbox.com/scl/fo/ujlvwjenrugdnzusxb04p/AH7yemLY356QWlvo-VTLsvI/data/topology_results/barcodes/Library%20and%20Information%20Studies.pkl?rlkey=woyb4gojtiqhvazd6lablbj4g&e=1&st=e6671fmx&dl=1
2004,Linguistics ,https://www.dropbox.com/scl/fo/ujlvwjenrugdnzusxb04p/AOV3zSkrSCCnUVqWN_51GyI/data/topology_results/barcodes/Linguistics.pkl?rlkey=woyb4gojtiqhvazd6lablbj4g&e=1&st=zwkafh3x&dl=1
2005,Literary_Studies ,https://www.dropbox.com/scl/fo/ujlvwjenrugdnzusxb04p/APU9PhAUADUEGfilBmngt8A/data/topology_results/barcodes/Literary%20Studies.pkl?rlkey=woyb4gojtiqhvazd6lablbj4g&e=1&st=w8yncmyf&dl=1
303,Macromolecular_Materials_Chemistry ,https://www.dropbox.com/scl/fo/ujlvwjenrugdnzusxb04p/ABA9xIN1y9ZIoWy8j2RAWxc/data/topology_results/barcodes/Macromolecular%20and%20Materials%20Chemistry.pkl?rlkey=woyb4gojtiqhvazd6lablbj4g&e=1&st=dkgusphd&dl=1
910,Manufacturing_Engineering ,https://www.dropbox.com/scl/fo/ujlvwjenrugdnzusxb04p/AGCLkGkrwUdNmxvxF3CBjgQ/data/topology_results/barcodes/Manufacturing%20Engineering.pkl?rlkey=woyb4gojtiqhvazd6lablbj4g&e=1&st=5vwjfxmy&dl=1
911,Maritime_Engineering ,https://www.dropbox.com/scl/fo/ujlvwjenrugdnzusxb04p/ACaHiK75xjpjU8kCa57TtgI/data/topology_results/barcodes/Maritime%20Engineering.pkl?rlkey=woyb4gojtiqhvazd6lablbj4g&e=1&st=zu0ffldy&dl=1
1505,Marketing ,https://www.dropbox.com/scl/fo/ujlvwjenrugdnzusxb04p/AKqNJUsL3qpJuncTJi2GDIw/data/topology_results/barcodes/Marketing.pkl?rlkey=woyb4gojtiqhvazd6lablbj4g&e=1&st=f433dowc&dl=1
105,Mathematical_Physics ,https://www.dropbox.com/scl/fo/ujlvwjenrugdnzusxb04p/AHacy_NzgbScYE3anXkTov8/data/topology_results/barcodes/Mathematical%20Physics.pkl?rlkey=woyb4gojtiqhvazd6lablbj4g&e=1&st=3eeq1jxa&dl=1
913,Mechanical_Engineering ,https://www.dropbox.com/scl/fo/ujlvwjenrugdnzusxb04p/AGwhoCigKY0baOG_6kvUh98/data/topology_results/barcodes/Mechanical%20Engineering.pkl?rlkey=woyb4gojtiqhvazd6lablbj4g&e=1&st=kdfwb65w&dl=1
1101,Medical_Biochemistry_Metabolomics ,https://www.dropbox.com/scl/fo/ujlvwjenrugdnzusxb04p/AKQih0Ba2qEbxonBaD0Zu1c/data/topology_results/barcodes/Medical%20Biochemistry%20and%20Metabolomics.pkl?rlkey=woyb4gojtiqhvazd6lablbj4g&e=1&st=bybawohx&dl=1
1004,Medical_Biotechnology ,https://www.dropbox.com/scl/fo/ujlvwjenrugdnzusxb04p/AH_sb5-5IVL21cVPLVbAkFE/data/topology_results/barcodes/Medical%20Biotechnology.pkl?rlkey=woyb4gojtiqhvazd6lablbj4g&e=1&st=pcicwmad&dl=1
1008,Medical_Microbiology ,https://www.dropbox.com/scl/fo/ujlvwjenrugdnzusxb04p/AMsCXh1mz84PHGZMRByp3-8/data/topology_results/barcodes/Medical%20Microbiology.pkl?rlkey=woyb4gojtiqhvazd6lablbj4g&e=1&st=kabiidm9&dl=1
1116,Medical_Physiology ,https://www.dropbox.com/scl/fo/ujlvwjenrugdnzusxb04p/AHx4VvAOoOEq7Sd-UsgNIjc/data/topology_results/barcodes/Medical%20Physiology.pkl?rlkey=woyb4gojtiqhvazd6lablbj4g&e=1&st=14zhmpy5&dl=1
304,Medicinal_Biomolecular_Chemistry ,https://www.dropbox.com/scl/fo/ujlvwjenrugdnzusxb04p/AGfY4U2uL8pndWXYbTmnk20/data/topology_results/barcodes/Medicinal%20and%20Biomolecular%20Chemistry.pkl?rlkey=woyb4gojtiqhvazd6lablbj4g&e=1&st=jhmjawq9&dl=1
605,Microbiology ,https://www.dropbox.com/scl/fo/ujlvwjenrugdnzusxb04p/AO57oYVU8lO9cOaBnwpBUao/data/topology_results/barcodes/Microbiology.pkl?rlkey=woyb4gojtiqhvazd6lablbj4g&e=1&st=rtxvh8ph&dl=1
1007,Nanotechnology ,https://www.dropbox.com/scl/fo/ujlvwjenrugdnzusxb04p/AAbm_hnT3Kj-CR3nGID0R5M/data/topology_results/barcodes/Nanotechnology.pkl?rlkey=woyb4gojtiqhvazd6lablbj4g&e=1&st=1f2iqd25&dl=1
1109,Neurosciences ,https://www.dropbox.com/scl/fo/ujlvwjenrugdnzusxb04p/AETbRb7RiGsNrUPSdoLVXts/data/topology_results/barcodes/Neurosciences.pkl?rlkey=woyb4gojtiqhvazd6lablbj4g&e=1&st=x8smf9xz&dl=1
103,Numerical_Computational_Mathematics ,https://www.dropbox.com/scl/fo/ujlvwjenrugdnzusxb04p/AGDKK42cYC349HbmW7vX3Vg/data/topology_results/barcodes/Numerical%20and%20Computational%20Mathematics.pkl?rlkey=woyb4gojtiqhvazd6lablbj4g&e=1&st=svz8tl94&dl=1
1110,Nursing ,https://www.dropbox.com/scl/fo/ujlvwjenrugdnzusxb04p/AL83vYu9kE3zI4L_2exJ0SY/data/topology_results/barcodes/Nursing.pkl?rlkey=woyb4gojtiqhvazd6lablbj4g&e=1&st=8rs2g6yp&dl=1
1111,Nutrition_Dietetics ,https://www.dropbox.com/scl/fo/ujlvwjenrugdnzusxb04p/AOtZwtRDgpoSbFoguF7GlQg/data/topology_results/barcodes/Nutrition%20and%20Dietetics.pkl?rlkey=woyb4gojtiqhvazd6lablbj4g&e=1&st=iev7kzfo&dl=1
405,Oceanography ,https://www.dropbox.com/scl/fo/ujlvwjenrugdnzusxb04p/AJQiQVz8FaIZ23UQ-XWfx_E/data/topology_results/barcodes/Oceanography.pkl?rlkey=woyb4gojtiqhvazd6lablbj4g&e=1&st=jmiz3rel&dl=1
1112,Oncology_Carcinogenesis ,https://www.dropbox.com/scl/fo/ujlvwjenrugdnzusxb04p/AMhAmH-TgHr-FHKIRIa3u4E/data/topology_results/barcodes/Oncology%20and%20Carcinogenesis.pkl?rlkey=woyb4gojtiqhvazd6lablbj4g&e=1&st=4kutniz5&dl=1
1113,Ophthalmology_Optometry ,https://www.dropbox.com/scl/fo/ujlvwjenrugdnzusxb04p/AKkqNbJwJuE0-UmfFyZG6as/data/topology_results/barcodes/Ophthalmology%20and%20Optometry.pkl?rlkey=woyb4gojtiqhvazd6lablbj4g&e=1&st=03ouid4n&dl=1
205,Optical_Physics ,https://www.dropbox.com/scl/fo/ujlvwjenrugdnzusxb04p/AFvHz9jVajqH4RVPyP3MmQw/data/topology_results/barcodes/Optical%20Physics.pkl?rlkey=woyb4gojtiqhvazd6lablbj4g&e=1&st=zrjbhxo1&dl=1
305,Organic_Chemistry ,https://www.dropbox.com/scl/fo/ujlvwjenrugdnzusxb04p/AAouTy1RF8Q76Bzq_EGaDCk/data/topology_results/barcodes/Organic%20Chemistry.pkl?rlkey=woyb4gojtiqhvazd6lablbj4g&e=1&st=vodt6h5s&dl=1
799,Other_Agricultural_Veterinary_Sciences ,https://www.dropbox.com/scl/fo/ujlvwjenrugdnzusxb04p/ANN7ZozBK2iv363TBYxwnlI/data/topology_results/barcodes/Other%20Agricultural%20and%20Veterinary%20Sciences.pkl?rlkey=woyb4gojtiqhvazd6lablbj4g&e=1&st=y359wmqa&dl=1
699,Other_Biological_Sciences ,https://www.dropbox.com/scl/fo/ujlvwjenrugdnzusxb04p/AGKKSLDnURtP-1d4s-ZEOeo/data/topology_results/barcodes/Other%20Biological%20Sciences.pkl?rlkey=woyb4gojtiqhvazd6lablbj4g&e=1&st=onqe2o8x&dl=1
399,Other_Chemical_Sciences ,https://www.dropbox.com/scl/fo/ujlvwjenrugdnzusxb04p/AFqX4xlh0zqIgeE9zZyOSC0/data/topology_results/barcodes/Other%20Chemical%20Sciences.pkl?rlkey=woyb4gojtiqhvazd6lablbj4g&e=1&st=c6x9gyfq&dl=1
1499,Other_Economics ,https://www.dropbox.com/scl/fo/ujlvwjenrugdnzusxb04p/AP6yurclwFTgwwh57AILZOU/data/topology_results/barcodes/Other%20Economics.pkl?rlkey=woyb4gojtiqhvazd6lablbj4g&e=1&st=o417fzkv&dl=1
999,Other_Engineering ,https://www.dropbox.com/scl/fo/ujlvwjenrugdnzusxb04p/AJRdrtKetrhci4FrBlHbx6I/data/topology_results/barcodes/Other%20Engineering.pkl?rlkey=woyb4gojtiqhvazd6lablbj4g&e=1&st=rgyk8afv&dl=1
899,Other_Information_Computing_Sciences ,https://www.dropbox.com/scl/fo/ujlvwjenrugdnzusxb04p/AAYwOtBtKl2z4hrFtTOZQMI/data/topology_results/barcodes/Other%20Information%20and%20Computing%20Sciences.pkl?rlkey=woyb4gojtiqhvazd6lablbj4g&e=1&st=92jc1x6p&dl=1
1199,Other_Medical_Health_Sciences ,https://www.dropbox.com/scl/fo/ujlvwjenrugdnzusxb04p/AHlj7ggPklLS3SYENR1wrdE/data/topology_results/barcodes/Other%20Medical%20and%20Health%20Sciences.pkl?rlkey=woyb4gojtiqhvazd6lablbj4g&e=1&st=37obw604&dl=1
299,Other_Physical_Sciences ,https://www.dropbox.com/scl/fo/ujlvwjenrugdnzusxb04p/ADXHc9RJyxtMlomUqRwJsPg/data/topology_results/barcodes/Other%20Physical%20Sciences.pkl?rlkey=woyb4gojtiqhvazd6lablbj4g&e=1&st=die7baz0&dl=1
1099,Other_Technology ,https://www.dropbox.com/scl/fo/ujlvwjenrugdnzusxb04p/APfxm4G_qeLgdP4bCnvcZY0/data/topology_results/barcodes/Other%20Technology.pkl?rlkey=woyb4gojtiqhvazd6lablbj4g&e=1&st=vq71iyn6&dl=1
1114,Pediatrics_Reproductive_Medicine ,https://www.dropbox.com/scl/fo/ujlvwjenrugdnzusxb04p/ACDH6OBYTgav5uj7bLgT94M/data/topology_results/barcodes/Paediatrics%20and%20Reproductive%20Medicine.pkl?rlkey=woyb4gojtiqhvazd6lablbj4g&e=1&st=sd2qfetm&dl=1
1904,Performing_Arts_Creative_Writing ,https://www.dropbox.com/scl/fo/ujlvwjenrugdnzusxb04p/AFp1I2jVuHv5_FlCubfo2q0/data/topology_results/barcodes/Performing%20Arts%20and%20Creative%20Writing.pkl?rlkey=woyb4gojtiqhvazd6lablbj4g&e=1&st=l6hwjkhm&dl=1
1115,Pharmacology_Pharmaceutical_Sciences ,https://www.dropbox.com/scl/fo/ujlvwjenrugdnzusxb04p/AFs85sxgJs76hlUHKXCgFog/data/topology_results/barcodes/Pharmacology%20and%20Pharmaceutical%20Sciences.pkl?rlkey=woyb4gojtiqhvazd6lablbj4g&e=1&st=piywki03&dl=1
2203,Philosophy ,https://www.dropbox.com/scl/fo/ujlvwjenrugdnzusxb04p/AFGkCY4SvkEFqeCu7IC4chU/data/topology_results/barcodes/Philosophy.pkl?rlkey=woyb4gojtiqhvazd6lablbj4g&e=1&st=xj6jmoul&dl=1
606,Physiology ,https://www.dropbox.com/scl/fo/ujlvwjenrugdnzusxb04p/AKdAiojDrot1Jx1-TYdCEkc/data/topology_results/barcodes/Physiology.pkl?rlkey=woyb4gojtiqhvazd6lablbj4g&e=1&st=h3rzg06q&dl=1
607,Plant_Biology ,https://www.dropbox.com/scl/fo/ujlvwjenrugdnzusxb04p/AD_ulXZx9tm62UCNWEwiWfg/data/topology_results/barcodes/Plant%20Biology.pkl?rlkey=woyb4gojtiqhvazd6lablbj4g&e=1&st=ljwoz146&dl=1
1605,Policy_Administration ,https://www.dropbox.com/scl/fo/ujlvwjenrugdnzusxb04p/AD2-x3w4UAoi7E4EragWUag/data/topology_results/barcodes/Policy%20and%20Administration.pkl?rlkey=woyb4gojtiqhvazd6lablbj4g&e=1&st=15g1w3cv&dl=1
1606,Political_Science ,https://www.dropbox.com/scl/fo/ujlvwjenrugdnzusxb04p/AAaQVhc35lMcTUjQyI6FLDM/data/topology_results/barcodes/Political%20Science.pkl?rlkey=woyb4gojtiqhvazd6lablbj4g&e=1&st=k1z8gdf8&dl=1
1701,Psychology ,https://www.dropbox.com/scl/fo/ujlvwjenrugdnzusxb04p/AF25BAqcXOvQ1JgsKUbZpSo/data/topology_results/barcodes/Psychology.pkl?rlkey=woyb4gojtiqhvazd6lablbj4g&e=1&st=rfz5hhc6&dl=1
1117,Public_Health_Health_Services ,https://www.dropbox.com/scl/fo/ujlvwjenrugdnzusxb04p/AOQmHYThF8vlKYzKjGM8Z1Q/data/topology_results/barcodes/Public%20Health%20and%20Health%20Services.pkl?rlkey=woyb4gojtiqhvazd6lablbj4g&e=1&st=ojrvydiu&dl=1
101,Pure_Mathematics ,https://www.dropbox.com/scl/fo/ujlvwjenrugdnzusxb04p/AAVVlEDP8ZDj_S8ei3vPHh4/data/topology_results/barcodes/Pure%20Mathematics.pkl?rlkey=woyb4gojtiqhvazd6lablbj4g&e=1&st=15fd4dzp&dl=1
206,Quantum_Physics ,https://www.dropbox.com/scl/fo/ujlvwjenrugdnzusxb04p/ACLRZD9Y15341dqEeR8k42M/data/topology_results/barcodes/Quantum%20Physics.pkl?rlkey=woyb4gojtiqhvazd6lablbj4g&e=1&st=ykyak4i7&dl=1
2204,Religion_Religious_Studies ,https://www.dropbox.com/scl/fo/ujlvwjenrugdnzusxb04p/ANbRhS829XT_rINM-8QJJbM/data/topology_results/barcodes/Religion%20and%20Religious%20Studies.pkl?rlkey=woyb4gojtiqhvazd6lablbj4g&e=1&st=34vnl261&dl=1
914,Resource_Engineering_Extractive_Metallurgy ,https://www.dropbox.com/scl/fo/ujlvwjenrugdnzusxb04p/AKoaIKxdEZX66H_29q5Cri8/data/topology_results/barcodes/Resources%20Engineering%20and%20Extractive%20Metallurgy.pkl?rlkey=woyb4gojtiqhvazd6lablbj4g&e=1&st=3gl95f1b&dl=1
1607,Social_Work ,https://www.dropbox.com/scl/fo/ujlvwjenrugdnzusxb04p/AN8f6sEB0ljE1M37Eg_KXhA/data/topology_results/barcodes/Social%20Work.pkl?rlkey=woyb4gojtiqhvazd6lablbj4g&e=1&st=ypcsadpt&dl=1
1608,Sociology ,https://www.dropbox.com/scl/fo/ujlvwjenrugdnzusxb04p/ANzFN9qW8YPJWmaHRfCfRQo/data/topology_results/barcodes/Sociology.pkl?rlkey=woyb4gojtiqhvazd6lablbj4g&e=1&st=15zxd0sv&dl=1
104,Statistics ,https://www.dropbox.com/scl/fo/ujlvwjenrugdnzusxb04p/AMo0gx68A7d8GYhaHH5pUmU/data/topology_results/barcodes/Statistics.pkl?rlkey=woyb4gojtiqhvazd6lablbj4g&e=1&st=fwur1m0t&dl=1
307,Theoretical_Computational_Chemistry ,https://www.dropbox.com/scl/fo/ujlvwjenrugdnzusxb04p/AFtu_ZjTBLPHNlh5jC1LPrA/data/topology_results/barcodes/Theoretical%20and%20Computational%20Chemistry.pkl?rlkey=woyb4gojtiqhvazd6lablbj4g&e=1&st=bp0mr0fo&dl=1
1506,Tourism ,https://www.dropbox.com/scl/fo/ujlvwjenrugdnzusxb04p/ABVfxP2nMZlfK1RsRoyvcG8/data/topology_results/barcodes/Tourism.pkl?rlkey=woyb4gojtiqhvazd6lablbj4g&e=1&st=t9q5qrxp&dl=1
1507,Transportation_Freight_Services ,https://www.dropbox.com/scl/fo/ujlvwjenrugdnzusxb04p/AMBiTbd68_PCk_tLCTsmJ0s/data/topology_results/barcodes/Transportation%20and%20Freight%20Services.pkl?rlkey=woyb4gojtiqhvazd6lablbj4g&e=1&st=sewgkzck&dl=1
1205,Urban_Regional_Planning ,https://www.dropbox.com/scl/fo/ujlvwjenrugdnzusxb04p/AJrmsr07hGXw0efLzb6V1pw/data/topology_results/barcodes/Urban%20and%20Regional%20Planning.pkl?rlkey=woyb4gojtiqhvazd6lablbj4g&e=1&st=061z4chd&dl=1
707,Veterinary_Sciences ,https://www.dropbox.com/scl/fo/ujlvwjenrugdnzusxb04p/AEQToW6JjrEO_iYnyChtMc0/data/topology_results/barcodes/Veterinary%20Sciences.pkl?rlkey=woyb4gojtiqhvazd6lablbj4g&e=1&st=9h327asq&dl=1
1905,Visual_Arts_Crafts ,https://www.dropbox.com/scl/fo/ujlvwjenrugdnzusxb04p/AL699xwgKvTgzYIj54onRvo/data/topology_results/barcodes/Visual%20Arts%20and%20Crafts.pkl?rlkey=woyb4gojtiqhvazd6lablbj4g&e=1&st=cba9jn8b&dl=1
608,Zoology ,https://www.dropbox.com/scl/fo/ujlvwjenrugdnzusxb04p/AEC7ai8d9GPcXlAqjgUPkXU/data/topology_results/barcodes/Zoology.pkl?rlkey=woyb4gojtiqhvazd6lablbj4g&e=1&st=x6xg8m7a&dl=1