,field_code,field,link,rows,concepts,edges
0,1204,Engineering Design,https://www.dropbox.com/scl/fi/eg3klm62dq9ahca24htkg/concepts_Engineering-Design_1204.csv.gz?rlkey=rwii8lwthgn8cxcy173kqwagf&st=8sgp1e52&dl=1,13677,0,0
1,2299,Other Philosophy and Religious Studies,https://www.dropbox.com/scl/fi/wjtiv4or9xwztv4nd0f57/concepts_Other-Philosophy-and-Religious-Studies_2299.csv.gz?rlkey=3bvcnopeosy2er1yi8s3egkwx&st=h4etvxml&dl=1,22904,0,0
2,1299,Other Built Environment and Design,https://www.dropbox.com/scl/fi/bkhfg30uijmtdkod0t9b0/concepts_Other-Built-Environment-and-Design_1299.csv.gz?rlkey=neanbug5f4303uz0b83y1w547&st=4es0rxa5&dl=1,23388,0,0
3,1999,Other Studies In Creative Arts and Writing,https://www.dropbox.com/scl/fi/odf8jg56ag0e1njc2ngng/concepts_Other-Studies-In-Creative-Arts-and-Writing_1999.csv.gz?rlkey=2q7kh4s9oolwxktbuizgrkdxo&st=tg812i7n&dl=1,22843,0,0
4,1899,Other Law and Legal Studies,https://www.dropbox.com/scl/fi/2nc1m11om0yhhx1xwf796/concepts_Other-Law-and-Legal-Studies_1899.csv.gz?rlkey=mdjc42ayudkfutfpbv3z4wgal&st=cn3264rf&dl=1,39960,0,0
5,599,Other Environmental Sciences,https://www.dropbox.com/scl/fi/nsfncsbhk1lcuxi4o04qz/concepts_Other-Environmental-Sciences_599.csv.gz?rlkey=tvn7sjrkinp13np6lqtnrao09&st=pt8oo41s&dl=1,91023,0,0
6,2199,Other History and Archaeology,https://www.dropbox.com/scl/fi/lxicg3o9atzw91hpuhutp/concepts_Other-History-and-Archaeology_2199.csv.gz?rlkey=t7lw5mk2ueu9xbl6gfkxboywh&st=zas78b05&dl=1,106533,0,0
7,1799,Other Psychology and Cognitive Sciences,https://www.dropbox.com/scl/fi/2q2c0y0dnhn2vjz0gjpk9/concepts_Other-Psychology-and-Cognitive-Sciences_1799.csv.gz?rlkey=zow1323rskxb4j2as7v4uav24&st=14qrno4j&dl=1,143825,0,0
8,2099,Other Language Communication and Culture,https://www.dropbox.com/scl/fi/0rr2c0n7iknr285vgdu7p/concepts_Other-Language-Communication-and-Culture_2099.csv.gz?rlkey=fke1ft1tku678qwd4ryhnao0b&st=oetb62pi&dl=1,200905,2898,5874
9,499,Other Earth Sciences,https://www.dropbox.com/scl/fi/d3f48nhryu50ztc3pwkq2/concepts_Other-Earth-Sciences_499.csv.gz?rlkey=vizgcjh4qqzrafehdswamrsht&st=12ysgui0&dl=1,218913,3146,6597
10,1399,Other Education,https://www.dropbox.com/scl/fi/gy38ce33oyjmp2g1d7puj/concepts_Other-Education_1399.csv.gz?rlkey=allsd49wztn9jfj9naiama7gj&st=f8yfypec&dl=1,400407,4616,7449
11,1002,Environmental Biotechnology,https://www.dropbox.com/scl/fi/ilrg9oph55z3kquysypfe/concepts_Environmental-Biotechnology_1002.csv.gz?rlkey=ng6cxx2f71cojnd9r6xgxifrd&st=3zxk94ec&dl=1,607018,5167,8833
12,999,Other Engineering,https://www.dropbox.com/scl/fi/neay17qisul954mlpgas9/concepts_Other-Engineering_999.csv.gz?rlkey=6quw4ovkmoh1c41a68uzqlilm&st=pv5wj3lf&dl=1,762828,11237,37435
13,1099,Other Technology,https://www.dropbox.com/scl/fi/oykpxnm93htu7ija5os57/concepts_Other-Technology_1099.csv.gz?rlkey=8h8tj4lxd08r73me033va1s2a&st=2od35doj&dl=1,807895,7594,15635
14,799,Other Agricultural and Veterinary Sciences,https://www.dropbox.com/scl/fi/itmy29grrr0dx9fsoa742/concepts_Other-Agricultural-and-Veterinary-Sciences_799.csv.gz?rlkey=dp35z9pw16amg2opb7zbac4s9&st=otkgdryn&dl=1,1005655,14728,60516
15,1499,Other Economics,https://www.dropbox.com/scl/fi/pm9j3hxnwfbdatkrovof1/concepts_Other-Economics_1499.csv.gz?rlkey=3cmkez2rbxdjuuuf625sdn7go&st=ytgpllca&dl=1,993332,16997,48006
16,902,Automotive Engineering,https://www.dropbox.com/scl/fi/w27f04clpdw3vgz856e9o/concepts_Automotive-Engineering_902.csv.gz?rlkey=35vlyjd7670kzcdbcdyck02dd&st=so88zso9&dl=1,1083857,10892,24201
17,1901,Art Theory and Criticism,https://www.dropbox.com/scl/fi/3bqdj8w98uevpj5fth4z5/concepts_Art-Theory-and-Criticism_1901.csv.gz?rlkey=85erulhvin3flr8n2sa21h1fk&st=oj9umdl5&dl=1,1105690,9754,21087
18,1905,Visual Arts and Crafts,https://www.dropbox.com/scl/fi/f3bj4ocgdo73cjy48xf28/concepts_Visual-Arts-and-Crafts_1905.csv.gz?rlkey=gech9cpy5bx34pwltx05sapto&st=azs7w0dq&dl=1,1034287,10802,25157
19,1006,Computer Hardware,https://www.dropbox.com/scl/fi/jcwzgaaagea8bzkjz4aqa/concepts_Computer-Hardware_1006.csv.gz?rlkey=rmze6vdkn7squ1p26z6x1a9t7&st=qcaflvdp&dl=1,1130997,13828,35789
20,899,Other Information and Computing Sciences,https://www.dropbox.com/scl/fi/5o5pv5g5r6lbppdihwj3l/concepts_Other-Information-and-Computing-Sciences_899.csv.gz?rlkey=3k9h29ut6fpxtlgpdbw1oz5np&st=2y83jvu8&dl=1,1185694,17932,55941
21,1903,Journalism and Professional Writing,https://www.dropbox.com/scl/fi/00qz7vsst7h6yyas2icob/concepts_Journalism-and-Professional-Writing_1903.csv.gz?rlkey=1q95bn4u9ikwt0521931rptql&st=5jgzxjza&dl=1,1272456,14141,31748
22,1001,Agricultural Biotechnology,https://www.dropbox.com/scl/fi/kep921p7ajdr5g5j0zstt/concepts_Agricultural-Biotechnology_1001.csv.gz?rlkey=ifmxjeu25wfu8y6brvrmkvy3q&st=m0d2r5bt&dl=1,1401128,16392,63429
23,2102,Curatorial and Related Studies,https://www.dropbox.com/scl/fi/va9jqhxrag70niw5ax12m/concepts_Curatorial-and-Related-Studies_2102.csv.gz?rlkey=y3rumylfzc7zfvvppy7pa9r6d&st=iny8sird&dl=1,1474598,17645,48637
24,2201,Applied Ethics,https://www.dropbox.com/scl/fi/ogcnxeu4f95ivkop23an0/concepts_Applied-Ethics_2201.csv.gz?rlkey=yfbvi3sa2iymkz9m5h87its24&st=qbdgarm7&dl=1,1845646,4659,13767
25,1003,Industrial Biotechnology,https://www.dropbox.com/scl/fi/0mfbcw7swroixu44cskea/concepts_Industrial-Biotechnology_1003.csv.gz?rlkey=uh789tgyz0i9u6u916z2m423c&st=m5loqo03&dl=1,2027734,13669,34337
26,1203,Design Practice and Management,https://www.dropbox.com/scl/fi/ih74o32g0xxxtltrvcqmz/concepts_Design-Practice-and-Management_1203.csv.gz?rlkey=ss3h9mu6eobjo2gvlgyuxcr50&st=dh9yd1ve&dl=1,2146837,22046,60047
27,1401,Economic Theory,https://www.dropbox.com/scl/fi/nj8idooieryxq6a7xco2t/concepts_Economic-Theory_1401.csv.gz?rlkey=vbzgiurvm7yoflytlidm58piw&st=87esf9bz&dl=1,2221266,7336,57703
28,1902,Film Television and Digital Media,https://www.dropbox.com/scl/fi/7o69mpmea071noxcyxu17/concepts_Film-Television-and-Digital-Media_1902.csv.gz?rlkey=rgaza3vlh8qd624knqyc9fbc1&st=f21wragu&dl=1,2125119,5920,28705
29,2003,Language Studies,https://www.dropbox.com/scl/fi/ct9f5lqu027gtlapfs8w5/concepts_Language-Studies_2003.csv.gz?rlkey=683hnoej011yctj13wux8zlmr&st=ft5tn1pm&dl=1,2309407,11016,59369
30,1504,Commercial Services,https://www.dropbox.com/scl/fi/52uzjfgkj1diulk1trr6p/concepts_Commercial-Services_1504.csv.gz?rlkey=fh82ockt744ha8e1lkdfcnveu&st=1gtsy8d5&dl=1,2303326,5252,13046
31,701,Agriculture Land and Farm Management,https://www.dropbox.com/scl/fi/jng9vw2uud9iksxc7o1h8/concepts_Agriculture-Land-and-Farm-Management_701.csv.gz?rlkey=x683aaq3n3o5r757783eyb5h5&st=i51tx5n7&dl=1,2497908,7447,39051
32,1104,Complementary and Alternative Medicine,https://www.dropbox.com/scl/fi/kt5hmpt7kfsl2us7fhtvp/concepts_Complementary-and-Alternative-Medicine_1104.csv.gz?rlkey=6tpvvs0h2n8f6mwpoiaa8vlnl&st=wk4q65m5&dl=1,3011170,9372,19526
33,1603,Demography,https://www.dropbox.com/scl/fi/dyf5n26kgqkaf0x9h7xgu/concepts_Demography_1603.csv.gz?rlkey=rmijkxh3i2gcmhfiwv8lyxair&st=akj3i1it&dl=1,3040108,6016,32225
34,1507,Transportation and Freight Services,https://www.dropbox.com/scl/fi/cnmczdkkc4gnktjkbryej/concepts_Transportation-and-Freight-Services_1507.csv.gz?rlkey=2wpv1m9iqjv6mi99h3861ququ&st=68n1kwkg&dl=1,3246066,5717,18202
35,2001,Communication and Media Studies,https://www.dropbox.com/scl/fi/29w6eqr37yg9q1zg18cav/concepts_Communication-and-Media-Studies_2001.csv.gz?rlkey=l0s521m1uncau91jhucf9mu74&st=5ot3ad3z&dl=1,3180285,6530,22542
36,805,Distributed Computing,https://www.dropbox.com/scl/fi/lt2a1lirvthwpud0iks9j/concepts_Distributed-Computing_805.csv.gz?rlkey=qz8r9av159knjonlm26lmzdo1&st=epyjgj7i&dl=1,3128604,8685,37914
37,1301,Education Systems,https://www.dropbox.com/scl/fi/upqdi0mvjwbysj7a6v8ed/concepts_Education-Systems_1301.csv.gz?rlkey=xcgqehgcu2l5hs44xihdqk6pt&st=9ducc0xa&dl=1,3276856,8010,24925
38,1501,Accounting Auditing and Accountability,https://www.dropbox.com/scl/fi/e3mzybn466t4kcxxq7vmj/concepts_Accounting-Auditing-and-Accountability_1501.csv.gz?rlkey=t26x5ea29sixmdkxe5256ry7r&st=s27qwb97&dl=1,3340608,7272,78494
39,1602,Criminology,https://www.dropbox.com/scl/fi/7igksw7lh0musskdsg734/concepts_Criminology_1602.csv.gz?rlkey=kccqkc8r9ms97gli47ydmi4os&st=j6vl9mxi&dl=1,3415077,6206,38920
40,1904,Performing Arts and Creative Writing,https://www.dropbox.com/scl/fi/e5394um8ebkr10uqnhm5m/concepts_Performing-Arts-and-Creative-Writing_1904.csv.gz?rlkey=wgny3t7nvpajdp3byh54yecre&st=kyziychh&dl=1,3418523,6834,26849
41,105,Mathematical Physics,https://www.dropbox.com/scl/fi/0lik3d2xjhbvsjb8hflnq/concepts_Mathematical-Physics_105.csv.gz?rlkey=m97eyfbxzrupjn8fs9z7m1bwz&st=mvdjptx2&dl=1,3522092,18502,49235
42,1506,Tourism,https://www.dropbox.com/scl/fi/zfyb5dhfegldeza4ji3g2/concepts_Tourism_1506.csv.gz?rlkey=0eqcisny0pgj927txymp0m7q3&st=sc2c3021&dl=1,3498691,4326,15703
43,1607,Social Work,https://www.dropbox.com/scl/fi/gbeq3rklyz5ns9dx7jwvw/concepts_Social-Work_1607.csv.gz?rlkey=1kf7yc1437mf8yf967yiwjq9a&st=boc67kmp&dl=1,3727100,4871,22672
44,699,Other Biological Sciences,https://www.dropbox.com/scl/fi/6dw2uezc342hna30rt7hq/concepts_Other-Biological-Sciences_699.csv.gz?rlkey=undlfinqtf3i8588x449bvewf&st=nu6zgmim&dl=1,3752409,12805,108933
45,1201,Architecture,https://www.dropbox.com/scl/fi/qhvtec8gmsd8afzbcn6za/concepts_Architecture_1201.csv.gz?rlkey=maeu0b0uvec2dkq412pc8e98s&st=6iqtw51m&dl=1,3828040,9637,50547
46,1004,Medical Biotechnology,https://www.dropbox.com/scl/fi/2ahmep0grwyd40mje6906/concepts_Medical-Biotechnology_1004.csv.gz?rlkey=o856n7k39g9iu4zm4gif4772q&st=6x6zo2sn&dl=1,3717673,3092,5797
47,1199,Other Medical and Health Sciences,https://www.dropbox.com/scl/fi/iot3t9axsvf1kr5qrdv35/concepts_Other-Medical-and-Health-Sciences_1199.csv.gz?rlkey=gohl4siisule0rqtquwkongeg&st=wojvslyr&dl=1,3863111,16301,44886
48,203,Classical Physics,https://www.dropbox.com/scl/fi/8tu45yvbjk546enr4gtsq/concepts_Classical-Physics_203.csv.gz?rlkey=zxurcn558wpo7jdnq0gr2sl25&st=il9vbk6g&dl=1,3902542,4935,14774
49,807,Library and Information Studies,https://www.dropbox.com/scl/fi/xamsvoi60knyya5d9dknb/concepts_Library-and-Information-Studies_807.csv.gz?rlkey=hhuq9tazy52u2cnmqq2dddoo0&st=kgqe42p6&dl=1,4013085,7298,25267
50,1202,Building,https://www.dropbox.com/scl/fi/akm8pbmytxdnpgq3ecka3/concepts_Building_1202.csv.gz?rlkey=138dpbx4i9y2i0gfzoq9fgao2&st=43wikkty&dl=1,3978029,6146,49373
51,501,Ecological Applications,https://www.dropbox.com/scl/fi/jk4mg2pxt828iamllycip/concepts_Ecological-Applications_501.csv.gz?rlkey=1qiti53l29c1xiwspvn10e7u8&st=jbcxas41&dl=1,4157022,17157,254470
52,901,Aerospace Engineering,https://www.dropbox.com/scl/fi/kjw9jsbjlfq27z30f2k83/concepts_Aerospace-Engineering_901.csv.gz?rlkey=w6g8dveeo60t9ullaotymk3i0&st=17hvl4s7&dl=1,4418152,7376,21943
53,804,Data Format,https://www.dropbox.com/scl/fi/wjqr34t3qkxycf5hgxz7v/concepts_Data-Format_804.csv.gz?rlkey=f20akuo9u18n9x54lkt6qkfn9&st=7wffzbmx&dl=1,4650220,8721,113991
54,911,Maritime Engineering,https://www.dropbox.com/scl/fi/z8gfz4ai2vpuws1s54mud/concepts_Maritime-Engineering_911.csv.gz?rlkey=cwbatrlhc9qax3j5e0okavz5z&st=90ah8mu9&dl=1,4660092,4133,17487
55,706,Horticultural Production,https://www.dropbox.com/scl/fi/xiyz2gja05zgyw0vnfarv/concepts_Horticultural-Production_706.csv.gz?rlkey=9rqdywi6if4sqywjv1n9xg3p6&st=ysec3l71&dl=1,5016927,7868,38955
56,1205,Urban and Regional Planning,https://www.dropbox.com/scl/fi/qex5suxlllwjzjlo8ky8j/concepts_Urban-and-Regional-Planning_1205.csv.gz?rlkey=ntvizagkehvdllk8eq2a7biff&st=h7oquctv&dl=1,5387391,6377,31057
57,2202,History and Philosophy of Specific Fields,https://www.dropbox.com/scl/fi/vn5m9cte0khcfgjo354k4/concepts_History-and-Philosophy-of-Specific-Fields_2202.csv.gz?rlkey=y9n1wo3wvzcgt7acp6wyjs7ca&st=wscv58cz&dl=1,5367567,4402,33282
58,606,Physiology,https://www.dropbox.com/scl/fi/hf9k966ptwxiblpi6pg2g/concepts_Physiology_606.csv.gz?rlkey=sbb32bcwa9uwe9vtrv7ib3osn&st=0q3slzkq&dl=1,5654151,3594,10445
59,1601,Anthropology,https://www.dropbox.com/scl/fi/ywbttif0l22q450a18032/concepts_Anthropology_1601.csv.gz?rlkey=3yp7ijfjkipkwp010n4bjf7gh&st=8a1wslvm&dl=1,6124850,4112,20276
60,1699,Other Studies In Human Society,https://www.dropbox.com/scl/fi/hixa2jinetc0kvqydl9hk/concepts_Other-Studies-In-Human-Society_1699.csv.gz?rlkey=obdekjj679jwpbn8wy8yxpfn2&st=ovvluibs&dl=1,6392839,5648,53620
61,2101,Archaeology,https://www.dropbox.com/scl/fi/bc3t68pgzpyvb8bxyo9jj/concepts_Archaeology_2101.csv.gz?rlkey=d1q1vrecubgsys28laisr5rr6&st=kbki3vqh&dl=1,6498978,6218,51530
62,704,Fisheries Sciences,https://www.dropbox.com/scl/fi/pf3no0qvimijs9muuvrn9/concepts_Fisheries-Sciences_704.csv.gz?rlkey=czvi22w0v9wkzvw1nelbmqod8&st=4yvp3v8q&dl=1,6633151,4661,21692
63,1505,Marketing,https://www.dropbox.com/scl/fi/7ey651gp15nnyz2g48z1p/concepts_Marketing_1505.csv.gz?rlkey=81oeax4hfxma24xkz33l7i38u&st=hmynhce8&dl=1,7092854,4507,23738
64,1101,Medical Biochemistry and Metabolomics,https://www.dropbox.com/scl/fi/3oamb5pkbhe11739u1x1k/concepts_Medical-Biochemistry-and-Metabolomics_1101.csv.gz?rlkey=senvuqx9csv9f2pa92xkklr8f&st=tktipj86&dl=1,7041655,2885,3837
65,705,Forestry Sciences,https://www.dropbox.com/scl/fi/0jr62kffvvd5m5h2b4dmt/concepts_Forestry-Sciences_705.csv.gz?rlkey=b2v0vfaohzyw9lmc09culpzca&st=zpu376l5&dl=1,7549740,8872,156763
66,1403,Econometrics,https://www.dropbox.com/scl/fi/wsmhx7ceeci0eizpsilwl/concepts_Econometrics_1403.csv.gz?rlkey=hmf1zvih771x2h4msqfn98wna&st=tosonk5b&dl=1,8136982,8467,246054
67,802,Computation Theory and Mathematics,https://www.dropbox.com/scl/fi/flvltmytp1t4uaatgzv8a/concepts_Computation-Theory-and-Mathematics_802.csv.gz?rlkey=qlein8jktgs4m04mt106gyzz8&st=mv6fik51&dl=1,8371374,4749,51372
68,1502,Banking Finance and Investment,https://www.dropbox.com/scl/fi/ghevr382byujxaiqelfb9/concepts_Banking-Finance-and-Investment_1502.csv.gz?rlkey=q04ui0qrq3hqzzgod9cyqqj9w&st=lzunbabf&dl=1,8735037,9216,290120
69,2204,Religion and Religious Studies,https://www.dropbox.com/scl/fi/29d4c2dlacsk4y8kt3aif/concepts_Religion-and-Religious-Studies_2204.csv.gz?rlkey=44bj2r2skwoutt8erlz22t3s7&st=kvs0oxf4&dl=1,8921531,6132,100383
70,1604,Human Geography,https://www.dropbox.com/scl/fi/fox2hln78akhzadmtml0f/concepts_Human-Geography_1604.csv.gz?rlkey=tvh9el9n803nj9frluyufhq0c&st=xdy10wj4&dl=1,9031595,6191,67713
71,803,Computer Software,https://www.dropbox.com/scl/fi/2c9i0wv7hl9eyjrun07de/concepts_Computer-Software_803.csv.gz?rlkey=iz2sl9ueiyhdffkv3zp6ygqff&st=4sn9ryf4&dl=1,9587837,5234,84627
72,1106,Human Movement and Sports Science,https://www.dropbox.com/scl/fi/p55eg1o5j5skxkwon1o8q/concepts_Human-Movement-and-Sports-Science_1106.csv.gz?rlkey=uqvmb1gs0wkiq5ign8bo2nlu0&st=l6ktb6ev&dl=1,9585014,5763,14618
73,1007,Nanotechnology,https://www.dropbox.com/scl/fi/gigzxwwpjqsv2oz80uqs2/concepts_Nanotechnology_1007.csv.gz?rlkey=jt0sijrftdox3t9a8atnb7w47&st=h7jy8job&dl=1,9949910,3934,33757
74,603,Evolutionary Biology,https://www.dropbox.com/scl/fi/18i4pjo74ntsg1h6d56lg/concepts_Evolutionary-Biology_603.csv.gz?rlkey=usxpzy42ryx7f3jic4t5t7shl&st=7esg29lb&dl=1,10353551,4665,49186
75,2203,Philosophy,https://www.dropbox.com/scl/fi/g98zumq017ldzmtxlamb8/concepts_Philosophy_2203.csv.gz?rlkey=6t634p4qhxjix3h301y5e910w&st=6blq0skb&dl=1,10466861,5705,111696
76,404,Geophysics,https://www.dropbox.com/scl/fi/95vj4roum35jom89trzgv/concepts_Geophysics_404.csv.gz?rlkey=tl1bgv2s95k2837efz2t9b8w9&st=vn6npm07&dl=1,10802432,10992,330063
77,702,Animal Production,https://www.dropbox.com/scl/fi/z2k4jjyksq8u8jledwnbi/concepts_Animal-Production_702.csv.gz?rlkey=lgtn9nw7gznlzuq568qeh1dbz&st=a8cep61e&dl=1,11130155,8024,34358
78,910,Manufacturing Engineering,https://www.dropbox.com/scl/fi/7dk5az75kkbx9u1iopds1/concepts_Manufacturing-Engineering_910.csv.gz?rlkey=vycsnddr0ar0yrv7l2154ewlb&st=cjm1js5l&dl=1,11560520,3615,28824
79,405,Oceanography,https://www.dropbox.com/scl/fi/sesds5nbrze334gjcm5y4/concepts_Oceanography_405.csv.gz?rlkey=e3oud0r0twt0qlxjsbm30hx9b&st=dm2mn90g&dl=1,11469329,11684,528681
80,1111,Nutrition and Dietetics,https://www.dropbox.com/scl/fi/fu1zwh1wjbes05zguuj5g/concepts_Nutrition-and-Dietetics_1111.csv.gz?rlkey=vtlsuir5tt7rff1yn03zlxm8t&st=19v5blq7&dl=1,11693148,2196,3092
81,206,Quantum Physics,https://www.dropbox.com/scl/fi/n762b3macbut3q5ufl92a/concepts_Quantum-Physics_206.csv.gz?rlkey=g3o9740eaihp2bepvp0blcrls&st=gsfn0h55&dl=1,11583687,4233,38984
82,1105,Dentistry,https://www.dropbox.com/scl/fi/zbex3cmsluw9rtioujxca/concepts_Dentistry_1105.csv.gz?rlkey=1rqx5hp7rmq12o6s1e53vzr8e&st=b0p9o74c&dl=1,12193477,2001,3002
83,103,Numerical and Computational Mathematics,https://www.dropbox.com/scl/fi/pnrfw7xfrbnhw2byw6x0n/concepts_Numerical-and-Computational-Mathematics_103.csv.gz?rlkey=vn3e5lbmv4vmd8pi28icb6aen&st=1hfgpblw&dl=1,11953433,5413,89784
84,909,Geomatic Engineering,https://www.dropbox.com/scl/fi/gd4brfzw5w70o8rxqjoba/concepts_Geomatic-Engineering_909.csv.gz?rlkey=0grgone2nl9pbgrgd91ml4497&st=lcil83ga&dl=1,11940750,4916,57692
85,307,Theoretical and Computational Chemistry,https://www.dropbox.com/scl/fi/6x0761njbl17oh18z9qi1/concepts_Theoretical-and-Computational-Chemistry_307.csv.gz?rlkey=zpki8377b55q5oysl2zpyp8gx&st=umb3ym0x&dl=1,12053323,3777,35053
86,2004,Linguistics,https://www.dropbox.com/scl/fi/f7yaygrpav9idaihpqbi6/concepts_Linguistics_2004.csv.gz?rlkey=3tzotm4szyafh7tbo84wuu5qz&st=iztgbov2&dl=1,12711729,6005,148496
87,1110,Nursing,https://www.dropbox.com/scl/fi/3kmhtzroufdibigjbr85z/concepts_Nursing_1110.csv.gz?rlkey=kes069ql889on1gfilfk109xu&st=u9ol1f8a&dl=1,12836657,3141,15518
88,2005,Literary Studies,https://www.dropbox.com/scl/fi/otzmt2k3h3zqu0d2yey8o/concepts_Literary-Studies_2005.csv.gz?rlkey=f1fm22m1wexer9fb5k8j4o5bg&st=mxuueulh&dl=1,13410167,5544,95622
89,304,Medicinal and Biomolecular Chemistry,https://www.dropbox.com/scl/fi/dvfp48skuy5qec94zesab/concepts_Medicinal-and-Biomolecular-Chemistry_304.csv.gz?rlkey=klz6dyhjsqz5wq299axevg8ok&st=pl3v7rf2&dl=1,12848944,2038,3863
90,2002,Cultural Studies,https://www.dropbox.com/scl/fi/bxkg2fqavn1rgtmg9pny7/concepts_Cultural-Studies_2002.csv.gz?rlkey=5iw92fqradje9s5ytyzsya1k2&st=gye79bip&dl=1,13628322,5255,109229
91,401,Atmospheric Sciences,https://www.dropbox.com/scl/fi/0c28t3seg7aogw2f76vr8/concepts_Atmospheric-Sciences_401.csv.gz?rlkey=46lym9g9x65bkzpqtrvipaznh&st=3yey2ed6&dl=1,14298307,10623,385788
92,402,Geochemistry,https://www.dropbox.com/scl/fi/pa29rd80wm23etxvsryff/concepts_Geochemistry_402.csv.gz?rlkey=svrtr8vwya2hmjjlh8t23mhpl&st=1uw4t1p0&dl=1,15074187,13074,788735
93,205,Optical Physics,https://www.dropbox.com/scl/fi/s1jh5pllpaix6l3b4g9xm/concepts_Optical-Physics_205.csv.gz?rlkey=kc1qybxtzkv0t5bvwlync0af7&st=b26593jl&dl=1,15396852,5981,130135
94,908,Food Sciences,https://www.dropbox.com/scl/fi/bqula8pfitoht3gnkqhst/concepts_Food-Sciences_908.csv.gz?rlkey=3rsjbqzmkuqzcjwmdg55ntsqn&st=doi0foph&dl=1,16016360,3823,10979
95,1605,Policy and Administration,https://www.dropbox.com/scl/fi/e7764rt9ykis86jdtrouz/concepts_Policy-and-Administration_1605.csv.gz?rlkey=pqzx0zdz0te4vyq9749nal5di&st=kp5mlb6p&dl=1,17212668,5400,144481
96,1113,Ophthalmology and Optometry,https://www.dropbox.com/scl/fi/66wnxu01yv00jf6082fx1/concepts_Ophthalmology-and-Optometry_1113.csv.gz?rlkey=bbwjqgcmp2a0ns75pvj3wy3ty&st=ahq49h5n&dl=1,17746750,1484,2369
97,1801,Law,https://www.dropbox.com/scl/fi/ay6exm39s8wtxv383gr49/concepts_Law_1801.csv.gz?rlkey=qhmuk9fqjtj0201olwk4bllbf&st=mw96wa6d&dl=1,17723385,7285,337096
98,608,Zoology,https://www.dropbox.com/scl/fi/a1t16rtialcw03n50ffkc/concepts_Zoology_608.csv.gz?rlkey=vjv60sfbhofbgvzfzdkrlurl1&st=ur4m854l&dl=1,18064871,4146,22856
99,503,Soil Sciences,https://www.dropbox.com/scl/fi/llxoe0d2suwtxgw7i4jov/concepts_Soil-Sciences_503.csv.gz?rlkey=z0eb5shqsz7hri1amd12l0k6p&st=6bl6ow9u&dl=1,18675453,9462,503438
100,1702,Cognitive Sciences,https://www.dropbox.com/scl/fi/rqhjn0opeq9sff9dn5buu/concepts_Cognitive-Sciences_1702.csv.gz?rlkey=wt47ie0ntlm6gvmut53ajv18x&st=tzudmn1b&dl=1,18579553,4386,66248
101,1116,Medical Physiology,https://www.dropbox.com/scl/fi/4ilsrve4hn71u3wwufkf9/concepts_Medical-Physiology_1116.csv.gz?rlkey=hlccvxqk5fr20ydf7yz4938cl&st=5b65ofwn&dl=1,19007269,2067,6580
102,1302,Curriculum and Pedagogy,https://www.dropbox.com/scl/fi/8zqgmjjhjnhr500xqbvlk/concepts_Curriculum-and-Pedagogy_1302.csv.gz?rlkey=tvojct8s1vjeiz3xblf4jznhu&st=zc92ju80&dl=1,18956910,7789,447531
103,703,Crop and Pasture Production,https://www.dropbox.com/scl/fi/np3aml56dij4ddszr2fxr/concepts_Crop-and-Pasture-Production_703.csv.gz?rlkey=0jemm8mu1nrebeaxryiw4hzp4&st=qfboabuq&dl=1,19495942,8546,382557
104,399,Other Chemical Sciences,https://www.dropbox.com/scl/fi/xp5nktwaoatigz94fed6v/concepts_Other-Chemical-Sciences_399.csv.gz?rlkey=wnmtf70rgb8j0e7ytvkvcl111&st=milyp9q9&dl=1,19653612,4574,87427
105,707,Veterinary Sciences,https://www.dropbox.com/scl/fi/8cgy1opiaq18i0yn7ltmn/concepts_Veterinary-Sciences_707.csv.gz?rlkey=av52jo8kq4cjpb9ac0ewv09cx&st=mhnor28p&dl=1,18767044,3584,17611
106,914,Resources Engineering and Extractive Metallurgy,https://www.dropbox.com/scl/fi/jnrcqoohui64l7ik7jqaa/concepts_Resources-Engineering-and-Extractive-Metallurgy_914.csv.gz?rlkey=470jxc9ho7s4o0k4zmpif9lj0&st=vazxmbwa&dl=1,19971569,3848,47341
107,1005,Communications Technologies,https://www.dropbox.com/scl/fi/gmua611ya92h2hy7dxd7o/concepts_Communications-Technologies_1005.csv.gz?rlkey=vrpbgyb8zk81bok3y7v9ms4py&st=2exp2p2p&dl=1,20038225,6433,221287
108,104,Statistics,https://www.dropbox.com/scl/fi/h3hj0zglwmahi9ac5ff2v/concepts_Statistics_104.csv.gz?rlkey=pu8gx8e71vbl7y7jj6ylwblny&st=6ka98gkc&dl=1,20915463,4791,75988
109,1606,Political Science,https://www.dropbox.com/scl/fi/3jsnn22yrddb8nia4wz8c/concepts_Political-Science_1606.csv.gz?rlkey=i31q9v7hfrg0q3fph720vrkeb&st=04kb1nda&dl=1,22529548,5486,197897
110,204,Condensed Matter Physics,https://www.dropbox.com/scl/fi/3vweo67ypdwtbechh4smc/concepts_Condensed-Matter-Physics_204.csv.gz?rlkey=uyxg02og7q3r096skuzvv5y3t&st=djirhbfn&dl=1,22032822,3387,47915
111,201,Astronomical and Space Sciences,https://www.dropbox.com/scl/fi/ldb62ufn63673jq6m7a1h/concepts_Astronomical-and-Space-Sciences_201.csv.gz?rlkey=krpptvke01mjmkrbe59fan0z4&st=ht3g4d6y&dl=1,24120296,7007,285590
112,305,Organic Chemistry,https://www.dropbox.com/scl/fi/2feiwgdzluzzwkozat4hp/concepts_Organic-Chemistry_305.csv.gz?rlkey=99pjsnd7opembokgu27d9isww&st=kzrx6jfz&dl=1,24763168,3077,41972
113,903,Biomedical Engineering,https://www.dropbox.com/scl/fi/6cdvi8560136oni6vlus6/concepts_Biomedical-Engineering_903.csv.gz?rlkey=7fuh4wtbyiux3lukc725a5flz&st=bwr5gdbz&dl=1,25754441,2380,17393
114,102,Applied Mathematics,https://www.dropbox.com/scl/fi/kp2835e2wbw2d8ucngx5d/concepts_Applied-Mathematics_102.csv.gz?rlkey=27o5dh9piahunpyzmm34m0498&st=o0gish0n&dl=1,26399756,4601,141169
115,913,Mechanical Engineering,https://www.dropbox.com/scl/fi/aolysq1px32wgh2a4lo71/concepts_Mechanical-Engineering_913.csv.gz?rlkey=r872331bmkx41qa1h2pcnvxdi&st=n1uoy8ou&dl=1,25341446,3071,37449
116,302,Inorganic Chemistry,https://www.dropbox.com/scl/fi/x9j2140povoakh0hzm3b7/concepts_Inorganic-Chemistry_302.csv.gz?rlkey=xvrvzqmrv1so94xf2ouj4s556&st=cttevky8&dl=1,27514404,4559,184788
117,1608,Sociology,https://www.dropbox.com/scl/fi/wobdiaeunkpbtbkqy4ng4/concepts_Sociology_1608.csv.gz?rlkey=q19i07xqphhmg3741c5dz8lhv&st=yzkodpse&dl=1,27713608,4905,158448
118,806,Information Systems,https://www.dropbox.com/scl/fi/xj5ncavowghnaot47vpez/concepts_Information-Systems_806.csv.gz?rlkey=zxq8tbp9i72uf5qnv3lpv8sab&st=ticayrai&dl=1,28824024,4723,163823
119,101,Pure Mathematics,https://www.dropbox.com/scl/fi/toojc1t8bny5fhtrqm92v/concepts_Pure-Mathematics_101.csv.gz?rlkey=agj5xeecx1boywggwmy7hr70z&st=luvwa5ye&dl=1,28988331,4878,110206
120,406,Physical Geography and Environmental Geoscience,https://www.dropbox.com/scl/fi/7w0m3g3oe6491zc7d68nd/concepts_Physical-Geography-and-Environmental-Geoscience_406.csv.gz?rlkey=zf95cuvyvibuwhmx6kfyhrlkf&st=wrp300i4&dl=1,26963399,10087,661207
121,907,Environmental Engineering,https://www.dropbox.com/scl/fi/0mnl5hpc8274xjfngj8px/concepts_Environmental-Engineering_907.csv.gz?rlkey=3qxe67t509k5kmtdte8gomzmd&st=t66xllwj&dl=1,28670949,3784,74982
122,605,Microbiology,https://www.dropbox.com/scl/fi/d69621o518gcqobmbq3ya/concepts_Microbiology_605.csv.gz?rlkey=injac62fzylfj0aqrwdc5shkt&st=45ped0xz&dl=1,30029623,4146,106536
123,1503,Business and Management,https://www.dropbox.com/scl/fi/84jsscac3cvaa0y3wl4bv/concepts_Business-and-Management_1503.csv.gz?rlkey=yp4c23ynkbbiz8bminx0w1so3&st=0tlenmvp&dl=1,31279853,5816,285439
124,2103,Historical Studies,https://www.dropbox.com/scl/fi/rdcwl9n27j8u8uvfhtick/concepts_Historical-Studies_2103.csv.gz?rlkey=byih0fbkrzglu4bejyjnd24lt&st=778d8xjg&dl=1,31563982,4680,170972
125,502,Environmental Science and Management,https://www.dropbox.com/scl/fi/g1m59okzcnxenrsuiykar/concepts_Environmental-Science-and-Management_502.csv.gz?rlkey=zsu6qe1at0qcb4di57nx0cwf2&st=vna8pre4&dl=1,32514786,7697,529623
126,301,Analytical Chemistry,https://www.dropbox.com/scl/fi/dv3ctlox6llfq9pb4fz9o/concepts_Analytical-Chemistry_301.csv.gz?rlkey=vrv6ewhumnbqph0clx1k6zj52&st=o8ansdyq&dl=1,31848663,3322,58292
127,303,Macromolecular and Materials Chemistry,https://www.dropbox.com/scl/fi/b3vh9nbem3wo60n8kkqal/concepts_Macromolecular-and-Materials-Chemistry_303.csv.gz?rlkey=1zf3wudg8sh5uwcm3ajsf6axi&st=t29elv1x&dl=1,32924931,4412,196096
128,1303,Specialist Studies In Education,https://www.dropbox.com/scl/fi/w09us0b9d5d0e90ok9yha/concepts_Specialist-Studies-In-Education_1303.csv.gz?rlkey=kenk3a61puo8gg3nbei4zjski&st=vranugey&dl=1,37093327,6805,569902
129,904,Chemical Engineering,https://www.dropbox.com/scl/fi/2q70wkmjnmv0k523bz19q/concepts_Chemical-Engineering_904.csv.gz?rlkey=zbk2lzvzr8e022mcat0ys95ke&st=egwiuxyz&dl=1,38390706,3384,84435
130,1402,Applied Economics,https://www.dropbox.com/scl/fi/rub57s6oi9aj873i2f7zo/concepts_Applied-Economics_1402.csv.gz?rlkey=8cx3cl7sdogiefg2xtalipsuf&st=6bax1lbr&dl=1,37792597,6411,453293
131,905,Civil Engineering,https://www.dropbox.com/scl/fi/e8jy4b382z8yujiky1woy/concepts_Civil-Engineering_905.csv.gz?rlkey=vu78q4l9o27p4m5y7i5etmx3c&st=pci4ec3u&dl=1,42212143,3310,80152
132,1108,Medical Microbiology,https://www.dropbox.com/scl/fi/udry88rup3e0avcm9d13b/concepts_Medical-Microbiology_1108.csv.gz?rlkey=yeki8ku3w4gg8xt7kh4iuhnix&st=752pfdd5&dl=1,43376109,1758,9904
133,607,Plant Biology,https://www.dropbox.com/scl/fi/1lpfs9ov29lgkbg0pe34n/concepts_Plant-Biology_607.csv.gz?rlkey=yc4602986uw3m7m5fv7m86ubu&st=w9y48b44&dl=1,43316508,5497,292099
134,403,Geology,https://www.dropbox.com/scl/fi/gmtq3prpewn010xlbihel/concepts_Geology_403.csv.gz?rlkey=qlrc4lzgudz5x10593yg6hhxn&st=w7hy7yfu&dl=1,46580067,11440,1477640
135,202,Atomic Molecular Nuclear Particle and Plasma Physics,https://www.dropbox.com/scl/fi/acemijv7clnwqg1tti1o6/concepts_Atomic-Molecular-Nuclear-Particle-and-Plasma-Physics_202.csv.gz?rlkey=kyiabq5nb67ai5xrzlkt9gbw7&st=3p95jkxs&dl=1,48677617,5828,342244
136,1115,Pharmacology and Pharmaceutical Sciences,https://www.dropbox.com/scl/fi/gmz4rim26wz047iejkza2/concepts_Pharmacology-and-Pharmaceutical-Sciences_1115.csv.gz?rlkey=0jnviq5t31gnkvg3i4ib2mo55&st=ltrif75w&dl=1,46226333,2268,18529
137,906,Electrical and Electronic Engineering,https://www.dropbox.com/scl/fi/mc3uaw2kjg8xklwyb7eu4/concepts_Electrical-and-Electronic-Engineering_906.csv.gz?rlkey=trrw2zi02jrzfs2ikzruudr8z&st=ol7sffjf&dl=1,49896182,3590,96382
138,915,Interdisciplinary Engineering,https://www.dropbox.com/scl/fi/4hffhemwefcsjll78r2r6/concepts_Interdisciplinary-Engineering_915.csv.gz?rlkey=v58ax2wb5wgvs7bmkwa0vorta&st=vave3f8p&dl=1,53622542,3177,94827
139,602,Ecology,https://www.dropbox.com/scl/fi/k0g9phfs1mwz3fco1jtge/concepts_Ecology_602.csv.gz?rlkey=weyuu8gajhuzx8pcnnb6misxe&st=c2crghsv&dl=1,52542609,6654,583853
140,1114,Paediatrics and Reproductive Medicine,https://www.dropbox.com/scl/fi/xeihopkhscvem5a2boko7/concepts_Paediatrics-and-Reproductive-Medicine_1114.csv.gz?rlkey=p0v1s14xgbsahdgjd59ka3mua&st=zgo4mmz2&dl=1,52939844,1702,9513
141,299,Other Physical Sciences,https://www.dropbox.com/scl/fi/h4l6kmxkdfmv6p287kmcj/concepts_Other-Physical-Sciences_299.csv.gz?rlkey=su902qffrbvvue87cgkrohe4j&st=hmocbww2&dl=1,61044939,5043,276528
142,801,Artificial Intelligence and Image Processing,https://www.dropbox.com/scl/fi/9gtu19xej6pbh1hzvip4u/concepts_Artificial-Intelligence-and-Image-Processing_801.csv.gz?rlkey=5h6sr9hnamlbqti5nbcozovav&st=7ufb1ak2&dl=1,58637910,4362,239700
143,1107,Immunology,https://www.dropbox.com/scl/fi/0ks2660uvddaqtrgcrjl5/concepts_Immunology_1107.csv.gz?rlkey=tjb94xhpisddlbkrmavbxwes8&st=v1helz47&dl=1,67817948,1375,6126
144,1701,Psychology,https://www.dropbox.com/scl/fi/kis7rv58wmro1m081nmzs/concepts_Psychology_1701.csv.gz?rlkey=tepkja9hlot9taa2tsm3i8dpi&st=kw0dw8if&dl=1,96795348,5241,430578
145,604,Genetics,https://www.dropbox.com/scl/fi/f8xtgsckxfc75puvbpho4/concepts_Genetics_604.csv.gz?rlkey=zefmq7usospbruro1iviy9bo3&st=0d5wi78c&dl=1,106649554,3962,283794
146,1112,Oncology and Carcinogenesis,https://www.dropbox.com/scl/fi/9j8e19fnfov85pjeeldbp/concepts_Oncology-and-Carcinogenesis_1112.csv.gz?rlkey=6ysdkm055iii32gg4q5r4soxh&st=ghydzo5s&dl=1,119944646,1565,17369
147,1109,Neurosciences,https://www.dropbox.com/scl/fi/4cdgajh7p06m9qtnch6iq/concepts_Neurosciences_1109.csv.gz?rlkey=g9wnm0eq1o4on9yyxzc4ndd9t&st=pboxda2b&dl=1,119185479,1873,37586
148,1102,Cardiorespiratory Medicine and Haematology,https://www.dropbox.com/scl/fi/fc2mw8u0z5zymqxpp403g/concepts_Cardiorespiratory-Medicine-and-Haematology_1102.csv.gz?rlkey=9pmh0xrtb493donyyfvt2uhf6&st=3pmd04yz&dl=1,123356143,1512,16286
149,306,Physical Chemistry incl. Structural ,https://www.dropbox.com/scl/fi/gbdgyxcl0jmdks93kvpeo/concepts_Physical-Chemistry-incl.-Structural-_306.csv.gz?rlkey=7h676cxi0ndk7xlconj0kj6ds&st=88qzssts&dl=1,150120736,4266,566961
150,912,Materials Engineering,https://www.dropbox.com/scl/fi/5pgg6cd9fi3x2ko503aq0/concepts_Materials-Engineering_912.csv.gz?rlkey=r9kgi9v1s02azjnlbu6faor6m&st=9p4c6m3l&dl=1,158690372,3465,290453
151,601,Biochemistry and Cell Biology,https://www.dropbox.com/scl/fi/yqr7npxye8tol943uq8z3/concepts_Biochemistry-and-Cell-Biology_601.csv.gz?rlkey=le4yibqp7r4paulnwbif2l9nv&st=3zybsaf8&dl=1,157077262,3229,190560
152,1117,Public Health and Health Services,https://www.dropbox.com/scl/fi/3kpu0k6oiah0z4rgvo9pb/concepts_Public-Health-and-Health-Services_1117.csv.gz?rlkey=09t7odarmd8jl4f77bzy68v7w&st=uys80nmh&dl=1,227985626,1813,34897
